text,labels
"Glad you feel better! My offer still stands though, if you need someone, Iâ€™m here",relief
Omg so glad Iâ€™m not alone,relief
No one comes here itâ€™s cool,relief
"Whenever I'm having a bad day, I watch a few eps of Cosmos to chill out.",relief
It's such a relieving feeling to know you're finally gone. You never have to go back. You are so strong you got this!!,relief
"Iâ€™m glad you fixed Minnesota, because there is a 0% chance we will go Red.",relief
"Oh man, glad I'm not watching this with my extremely emetophobic mother ",relief
That's a welcome relief. Lol.,relief
"At last, someone I can share this accomplishment with! ",relief
Also dont have to worry about ramos and robles walking in runs to lose games,relief
Thank [NAME] for the adult spammers on my susbscribed NSFW subreddits.,relief
"Youâ€™re very right, Iâ€™m relieved I was free of this man before anything else happened. Thank [NAME]! And thanks for your kind words ",relief
"It's ok, it was cancelled anyway",relief
At least the ice didnt break,relief
Thank god. This place was authoritarian.,relief
"I schedule reading breaks during the day. It allows me time to relax if Iâ€™m feeling overwhelmed, but is still beneficial for the kids. ",relief
Thank [NAME] there wasn't a psychologist among the testers,relief
That's how you think hes trying to input something. Glad it was my way home.,relief
I'm glad you managed to find your own fun and most probably made a big contribution for this great ending. The whole masked rogue idea was amazing,relief
Oh good Iâ€™m not the only one. Hello my people.,relief
Totally!! It was such a relief to see that I wasn't the only one (female HL in a DB).,relief
Putting them away feels so good itâ€™s worth the frustration. Snipers dropped my career KD by like .15 >__<,relief
But he's relieving pressure. Just count yourself lucky he doesn't cough when he farts.,relief
I love it. The only thing faker than their lies is them. Iâ€™m glad the girl was able to get her divorce.,relief
thank god your not on the dev team,relief
Ah. Not on either of those. [NAME]! ::goes back to stalking profiles::,relief
"Oh thank god, the TV is safe.",relief
At least they didnâ€™t destroy the shoes,relief
They took my favorite hair gel!! The bastards! Good thing I took a picture of it beforehand just in case,relief
Thank goodness Iâ€™m safe. Donâ€™t sound so disappointed.,relief
"Good to know! We didn't get any when we went Friday evening, but we can try again.",relief
She knew the magic words. Luckily it doesn't seem like anyone else was harmed.,relief
"Yeah lol like I'm cool with signing/drafting DL but pls not in the first like 3 rounds lol, much less at 2.",relief
"They're absolutely relaxing in this 3rd quarter, 7 points in 5 minutes so far...",relief
I had a total of 5 pet chickens. No way I could've ever eaten any of them. Glad that gfather confirmed that Banana Chip was buried.,relief
I stopped trying a long time ago. I actually feel much better (most days anyway),relief
I will mate. No worries.,relief
>Just be glad he didnâ€™t kiss [NAME] mum. that'd make a good storyline tho tbh,relief
Woof thank goddddd I changed my flair,relief
Thatâ€™s a rad gift.... I cried when he came back from cancer. He was my hero,relief
Might relax you a little bit but definitely don't expect some amazing buzz from just 1 15mg pill. 15mg might feel like 5-7.5mg diazepam.,relief
At least the crazy lady didn't hunt ya down mate!,relief
I've finally found my people who know the struggle.,relief
"Valium/Diazepam is much much more enjoyable than Alprazolam/Xanax IMO. I love the muscle relaxation. It feels so good, combined with an opiate, ",relief
"So glad you are safe. It looks like icy conditions, too, so that is great that you were able to avoid this.",relief
Finally I feel like itâ€™s been ages. Dude needs to really beef up this offseason donâ€™t focus on anything else.,relief
At least she didn't cough into it afterwards. Double whammy,relief
"I also think license should be spelled liscence btw, so don't feel bad",relief
Astonishing. I've read about these people but have never met one. I am so relieved for you that she is out of your life.,relief
This is the day we've been waiting for! WWOOOOOOOOOOOO!!!!!!,relief
"Glad we aren't all like you , the world would have sucked",relief
"Dude was okay?! Oh thank god, i figured at best paralyzed from the waist down",relief
"Now let's sit down, relax, and have a nice cool glass of turnip juice.",relief
That got rid of an unwanted boner real quick,relief
House Freedom Caucus strikes again. Thank god we took back the House and donâ€™t have to deal with them paralyzing government again.,relief
You sound like a douche.,relief
"OOF, well if im dancing with someone i dont really look at their crotch so im pretty surd ur fine. How old are u",relief
"Ah so gang rapes aren't a thing anymore, eh? Glad to hear that. ",relief
Just relax and enjoy. We are gonna win by double figures as per usual.,relief
The comic relief of the cat world - when theyâ€™re not tearing the flesh from your bones,relief
"Yeah, your dopamine receptors are going back to normal.",relief
Oh thank [NAME],relief
"We're out of the environment, it's ok.",relief
Hey at least weâ€™re still 5th after losing 2 straight.,relief
This makes me feel better about some of my poor decisions.,relief
Glad your SO was helpful and hopefully you are better,relief
Lucky he didn't jackknife.,relief
Whew. I thought no one else would recognize Mac Tonight.,relief
Hot damn! Thankfully only a bump to the head.,relief
At least the repulsive sex scenes are helping me maintain my diet,relief
I am glad I wasnâ€™t the only one. I thought wow theyâ€™re really gonna get it for this one,relief
"But 80% of the time they go back to ""single"" (or just remove the relationship status), so no worries.",relief
Hi !! I totally get you. If you want to be friends Iâ€™m here !! :),relief
Good to know. The little chapel in there is pretty gnarly.,relief
Thanks :).. My issue got solved :) . YT on Twitter never helps.. they just do the basic troubleshooting.,relief
ok that's kind of cool....,relief
Just some statistics I saw bud. Calm down.,relief
"Ah good, now I don't have to do it.",relief
"dont care what you call it, just glad he's getting the job done. its what elections are about.",relief
Maybe [NAME] needs to have a Big Mac meal and relax.,relief
"[NAME], we have a guy with a bucket on his head and you have pornstars. Iâ€™m glad I live on this side of the Atlantic ",relief
Until he goes back to school on Tuesday and all his friends are SO RELIEVED that heâ€™s back safely.,relief
Well at least we won't have to spend as much time watching this.,relief
Iâ€™m glad Iâ€™m not the only one.,relief
"[NAME] is in Valkyrie, we're SAAAFFffffeeeee........",relief
yes and I'm glad that this nonsense stops with me,relief
At least she can eat Abel or something so we don't have to worry about feeding her.,relief
At least no one threw water on him and exacerbated things,relief
Finally! Somebody who legitimately hates planet Jupiter!,relief
At least my suffering is over.,relief
I am so relieved,relief
"But hey, at least it saves us the trouble of contacting them!",relief
Thank goodness she came clean! no one would have ever suspected otherwise!,relief
"Well sure his one appearance in relief lost us a game, but at least he didnâ€™t get hurt. ",relief
"My god, what is WRONG with people? So glad youâ€™re okay, OP!!",relief
Not autism though. What a relief.,relief
I'm glad I'm not the only one who feels the same!,relief
"Good thing he throws like a 6 year old girl, otherwise this could've been serious. ",relief
Resting up after a furious weekend of #MAGAboys hate. A xer has needs for xedz beauty rest,relief
I was thinking the same and was relieved when I read peed on kitchen floor!,relief
At least weâ€™re in this together? ðŸ˜“,relief
I was about to lose my shit but then I finally found the Plumbus,relief
I heard someone say one... â€˜everywhere is is better but Perth is the best!â€™ Glad you enjoyed your holiday!,relief
Sport shooting can be done with air guns. Problem solved.,relief
Iâ€™m glad I didnâ€™t try this cleanup method when I had serious depression,relief
"Very, but I also never really liked home to begin with so it's been more of a relief.",relief
This makes me feel so much better about the things Iâ€™ve done that make me cringe.,relief
#I am relaxed,relief
Iâ€™m not sure this was a while ago. No major injuries were sustained so probs not.,relief
"hey of course, Iâ€™m glad I could shine some light. Stay strong mate ",relief
Thatâ€™s horrible. You definitely didnâ€™t deserve it. Iâ€™m glad to hear youâ€™re doing OK now.,relief
"They can't find police for the streets in England, but somehow with Ireland they always find a way.",relief
Glad to see it resolved by someone as the community manager said not too long ago. I wouldn't give in and pay.,relief
"As a high libido female, I feel the same with posts from males. It's slightly relieving to know someone else struggles the same way.",relief
"Hey man it's all good, I'm glad I can relate to someone as well!",relief
"Thank god, Montrose has always been lacking some decent Mexican food and now we're finally getting it!",relief
And oof for the red car,relief
Nope. Glad we came out with the W,relief
Cool! Just do yourself a favor and do not scroll...,relief
"Good to know, and it gladdens my heart to hear you're all right! <3 ",relief
Ive done this to a couple of people. It makes me feel really pleased with myself. Just riding in circles around people.,relief
"Ahhh, that was actually really peaceful and cathartic. ",relief
I'm glad your expectations are low..i am expecting full on knee jerk reactions if the game doesn't go well tonight.,relief
Ending a relationship with a toxic person is so freeing. Congratulations!,relief
Obviously has played on her mind for that long... glad she apologised,relief
This is what I'm currently dealing with and I'm glad I read this. Nice reminder thank you lol.,relief
Glad that's settled,relief
"Day 2 Feels good, man!",relief
"Youâ€™re dehydrated and exausted, drink lots of water and maybe get some sleep. Youâ€™ll feel better eventually.",relief
"They gonna be some big books, donâ€™t you worry. ",relief
"[NAME], Big Bang Theory is terrible so glad it's going to be gone.",relief
At least she's not a dirty little hamster.,relief
So glad they had the clip of the dog getting up at the end. I was super worried.,relief
"Yes, thankfully it has never happened to me, asking out of (morbid) curiosity.",relief
These things are so cool.,relief
"Hahahahaha, no there isn't. Thank god. Tell your friend he's an idiot for us.",relief
We just got a ninja coffee machine. Donâ€™t even need filters! It has little waste besides the coffee grounds. I love it.,relief
Iâ€™m glad I had a few margaritas before I read this,relief
"thank [NAME] that period is over, pretty sure the lightning had like -89 shots that period",relief
I knew it would be easy to trigger /r/movies peace out homies,relief
Got married so I don't have to worry about it.,relief
"Oh my god, I'm so glad this wasn't just me. I thought my YouTube was broken!",relief
"My first day with them off was quite anxious, but it got better!",relief
I can finally block Post Mallone and all that repetitive weird rap that ppl play on my Spotify during parties.,relief
True but I am a fan of [NAME] and I'm just relieved he pulled through even if his victory did not make me any richer.,relief
Iâ€™m glad youâ€™re safe now and nothing bad happened!,relief
Wow.... So many people here apparently don't know poly relationships exist.... Just say thanks. Why would it be weird?,relief
Oh ok cool so I don't feel bad at all about it then.,relief
At least this makes me feel better about not being photogenic. Itâ€™s the cameras fault!,relief
This very thing got me diagnosed as ADD. I'm of the drugs now and feeling way much better.,relief
Whew. I'm safe then.,relief
Well [NAME] just missed...so thereâ€™s that bit of good news,relief
Thank [NAME] some people are still willing to thrash brain dead idiots in the comments.,relief
"""it appears we found the dog.....as we were posting signs with his picture, someone else was posting """"found"""" signs with his picture....""",relief
"Finally finished that topic. Quick revision break, then on to How far did Heath change the Conservative party?",relief
Still wide awake... fortunately I don't have to be up early.,relief
"Walking the puppies downtown. Also, mystery of missing cat solved: he hid himself in the basement for nearly two days.",relief
Relaxin after a fun day,relief
had a shit contact with both parents >.>  grrr,relief
heading to Sam Adams Brewery... but can't sample it when I get there,relief
At natalies just finished work. Had the most AMAZING peanut butter sandwhich EVER. <3333 I miss your faceeee,relief
"Going out to down town with a friend, long time haven't seen him...OKOK.. i am feeling fresh again",relief
"It's Friday, but not the most pleasant ones  waaaaaay to much work...",relief
About to clean my room,relief
i wanna vote for Miley Cyrus for the mtv movie awards..but i don't know where i could  somebody could send me a link? thaank you <3,relief
long weekend. thank god i can sleep in on monday,relief
Happy Mother's Day to all of the mothers and mothers-to-be  My mom is getting a special gift from me today,relief
"btw. ear is getting better! its about time! finally - i say goodnight twitter world, (even though y'all are already asleep). xoxo",relief
"Going to sleep with Horton.  Goodnight, Twitterverse <3",relief
"didn't twitter much yesterday.apologizes for not responding,goodnight",relief
"Version 2 of our live, interactive Trans-Siberian ticket planner is launched: http://tinyurl.com/c5ljwm - its very cool",relief
i was so bored i decided to iron all my baju sklh. thn i realized i hate doing tht. so all i did was iron a sleeve HAHAHA. im off to schl,relief
"P9 for Danica and your team... Not a end of the world, now is just hopes for a great race",relief
"Back from the Gym, and sorting through my Inboxes",relief
things are looking better and better! i think i might be quite happy,relief
I really don't want a limo service to take me to the airport  I want him to. Ok soft moment... Don't get use to these!,relief
Got my new phone - now to program everything since my old one had no memory card like this one,relief
Heading back home with a win!,relief
Ooooh Kay! Its time for me to stop twitterin and get going...,relief
national starwars day today- may the fourth be with you,relief
My dad knows i got drunk today. And i didnt get in trouble.,relief
"just finished the exam. I did ok, I guess.",relief
just saw an advert for ATTICS TO EDEN on tv  out today and only ?9.99 from HMV...so I'm not sure why I had to pay ?13 at HMV...never mind,relief
"on my way to get some Maggie Moos Peanut Butter Galaxy, then home! thank god this week is done. 4 meetings in 1 day!!!!",relief
done with the dentist until November,relief
*happy sigh* Mom liked the flowers I sent! PHEW! It's never a sure thing with her,relief
so I slept in a little...well a lot. whooops,relief
Make sure your mom knows you love her,relief
#quitsmokingdiary  5 Weeks tomorrow since giving up YAAAAAAYY!!!!               - I dont want to talk about it,relief
wow my trip to tampa has come to an end...,relief
hooome from work. why am i awake still? up in 5 hours,relief
VERY upset....  Mom is in the hospital,relief
ohay clean teeth,relief
At least it's Friday...working 'til 1:30AM,relief
I should get a metal for making it to work this morning...,relief
fiiiinaaalllyyy home after driving all day. speeding ticket. torential rains. ... fun times,relief
not at work today .i have my car back she is perfect  going random shopping later .,relief
"is at my grandma's place with my mum, celebrating mothers' day in 3 generations. The 4th will come",relief
Going off BC is making me break out.,relief
Made it home..Night my twitties,relief
Recovery! The secret weapon of a Dba  glad 2 hav my files back,relief
"is HOT. Just done some late spring cleaning! About to settle down with a book i can barely read, left my glasses at my mums",relief
Chirstina said shes gunna twitter more ...no more partners,relief
My younger sister flies in next week for a two week visit. So blessed to look forward to seeing family members visit.,relief
Is off today and gonna go shopping!! T-minus 22 days til CUUUBA!!,relief
is sooo close to finishing her exams  role on monday and i will have my life back.,relief
"long, fun day  now for some relaxation. some TV with the mom, then sleeeep",relief
school for a bit. glad jake got the day off,relief
So finally.. It's raining in Delhi,relief
"spray tan = fail on legs and feet. I've been scrubbing them and feet look better, but they looked awful this morning  Everywhere else = ok",relief
Feeling pretty good this morning! Lets hope it lasts through the day,relief
likes cheerios and scones in the morning,relief
It worked. Cool AND the gang!,relief
is done with classes for her freshman year.,relief
ah! i almost missed snl. thanks twitterfriends,relief
"is back...been feeling ill and extremely busy all week. happy mother's day, to all you mama's out there",relief
off to my Psychology class.,relief
finally gone!!!,relief
is  wishing work was done soon  <3,relief
"off to a place where i dream...maybe i ll see you there!?!   sweet dreams, all!",relief
"fear crept in but it's already been dismissed. now let me do this thing right, coz this time the feelings are there and it's so different",relief
It's my birthday today  Running the mile tomorrow ughh. But then choir concert,relief
I'm Kinda sleepy.. I Was up too late texting a nice boy making date plans for next weekend..,relief
May the Forth be with you... ha yes... Today is my birthday  Star Wars day... Aren't i lucky you star wars Fans?,relief
Whew.... finally home after putting in some hours in the lab. Watching Catch Me if You Can and eating cheese and grapes. Good night,relief
"Ah, finally at home in my comfy bed. Goodnight",relief
"Just up  the longest lie in a while thank goodness, neck still painful but today i am going to head out (y)!",relief
phew!  made it thru the return of babysitting!,relief
Son's gluten free birthday cake done.  http://twitpic.com/4jbwy,relief
im going to bed  nighttt nighttt xxo ily's,relief
#musicmonday Nicest Thing from Kate Nash,relief
"""Came tantalizingly close to acing a Facebook communism quiz. One question has """"I hope Britain will be next communist"""" as correct answer.""",relief
is working.   I am so happy my job is a radio and not anything physically exhausting....,relief
"""Phase 2 was a success. Self discovery is vital. Phase 3 is only mins away. Cool & Classy baby! Shout out 2 """"D"""" yeah mane!""",relief
Gooood party last night (: Although I am extremely tired now. xD Off to bed to lounge around watch tv and sleep all day,relief
"Just got done with my first day of work and is exsausted, sweaty, and chalky.",relief
is feeling her eyes burned-fried after 10 hours attached to the screen uploading new summer clothing for my store www.Chittypulga.com,relief
should be coming out of hospital today,relief
One is not supposed to have a headache on a Friday. That's just not right.,relief
work all day,relief
Nvd i was sitting on it,relief
"eating nothing, drinking water, about to watch a movie, join me?",relief
FINALLY-- Now I am me again.  I had to use internet explorer.  Firefox issues   Back to normal Tweeting.,relief
Happy to have a Sunday off from work,relief
Just got back from lunch and feeling more like a nap is in order than work  But I will press on!,relief
ano pa bang aasahan ko sa iyo? you never fail to FAIL me.,relief
"Finally in my bed, & I must say, I had quite an evening. I'm ready to tackle this work week & see what next weekend has in store for me",relief
I want it NOW..  finally found what I wanted ..,relief
the start of my day was finding a lump on my body... went to the hospital... apparently its nothing! fewfffff! bloodtests suck...  haha,relief
Not really  but its work so yea kinda,relief
great. more rain,relief
"""I like to explain something complicated to someone and get back a response of """"Sounds good!"""".  Except when it sounds like """"I don't care""""""",relief
yaaayyy !  no work today,relief
Chillin at a bbq gettin my drink on,relief
"""""""It's Like That (and that's the way it is)"""" - Run DMC  ? http://blip.fm/~5jgvk""",relief
"after some pizzas, going sleep",relief
what a beautiful day not to got to my first class,relief
Finally installed ovi in mobile. it would have been good if it could be downloaded to comp and installed to mobile. Frickin 3MB download,relief
eating maccies,relief
good evening. enjoying vacation eventhough it is boring.  pray for david cook's brother. rip.,relief
"When I start cloggin up my own Twitter feed, it's time for me to go to bed.. Nighty night. Be sure to go to the TweetUp and meet ME!",relief
my 43 quid lastminute.com Secret hotel at heathrow is surprisingly nice. No soap tho,relief
"Im free at last, tomorrow I get to remember what Sundays look like",relief
"""paramore songs? one of the best! currently listening to """"emergency""""""",relief
Reporting form IIT Delhi : Rains just started here..Picking up speed...Providing welcome relief to all hostels!!,relief
Alhamdulillah PFP exam was alright~ It's Strategic Management time!,relief
On way to Birmingham.. Sewing in the van. Punk.,relief
SNL after party,relief
On way back home after a crazy night on the coast,relief
"no school today, teacher cancelled the lesson  chillin'",relief
"such a long day, heading to bed  . iloveyou <3",relief
Just got off the phone with garrett.  still cleaning my room. It s raining  that makes me feel better,relief
Yay! I finally made sales at the gallery; Really helps when the artists are there,relief
I had my hair in a messy ponytail all day & I took it out just now and it looks really nice (: but still messy,relief
Another nice day again! Working in Goderich today so I can walk & enjoy the weather,relief
time to mow the lawn.,relief
At the vet with a sick dog  http://twitpic.com/67clz,relief
"goodnight and good bye to all of you, hope you have the best of dreams",relief
bed time! night yall!,relief
"Finally picked up some handwraps, but struggling to wrap my stronger hand with the other! Defo should have got some a lot sooner though",relief
"Morning all, finally got to stream media from PC to PS3 via wireless router, much easier than using a USB dongle, ah, techy simplicity.",relief
Done studying bout the earth,relief
Laying with lyndi on drive way. Drinking tea. Listenin to music. Takin pictures. Just a Chillin.,relief
"HALLELUJAH! I've finally finished my Careers assignment! The feeling of finishing a task is great, you have no idea. Or maybe you do. lol",relief
trying to watch lost online very annoying and slow...the internet not lost,relief
It's good to be home,relief
Just realized it is friday and b/c of a party I don't get to go racing.,relief
"is bak in mcr....glad i can sleep in ma own bed 2nite yeyah...but i fink i,m missin popeye  hopin 2 c him 2moz  xxx",relief
http://twitpic.com/4w9ce - my future car ! I love it !,relief
"Well, at least it's not as bad as I thought. Found a new website to watch movies on and I gotta say.......it's not bad, not bad at all",relief
All new implementation of test discovery for unittest. This time in a loader. Good start I think.   http://twurl.nl/nz8f4y,relief
"I guess I'll use TwitterFox for a while, now",relief
"Stitches out. Very brave boy, no anesthetic, just cbeebies to dull the pain.",relief
im determined to slarm around my house and eat egg sandwiches. and smoke a few bowls. sounds like a splendid evening to me,relief
Sleepy time..   happy mothers day all u momz,relief
Grrr! My internet will be up and running next Wed  at least now I have a def. Answer!,relief
http://twitpic.com/67hw5 - Session almost over,relief
I'm at work,relief
Sitting down for a nice English breakfast. The one meal they do right,relief
Its Friday! Only 5 more hours until I'm free!.....until tomorrow.  oh well,relief
"off to JFK (again), should be in texas soon.",relief
"Going to be buckling down this week. So, relief for my twitter followers from my inanity. Enjoy my silence.",relief
Finally cleaned my bedroom. I can see the carpet again   Hurray!,relief
"haha moms back today from a weekend away , her first words, ' whys the house so dirty?' i love life ..",relief
just finishing studying for LSATs and watching VH1 Soul,relief
"Have just slept for 14 hours, would have been longer but working this pm",relief
workin a long day today... hopefully i can make some good tips,relief
"is chillin' with my hangover, hollyoaks and a plate of chips....sunday mornings",relief
sooo glad im home  floridia was fun!! back in ATL. time to sleep....then back up to work!!! constant grind.,relief
"Hey my twitter friends, tho very few!!!!",relief
i definitely win at life,relief
just in imagination,relief
My best mate found out that I am moving. She doesn't understand I wanna do something with my life; Leaving to go to Uni..,relief
"to be really really... not bored but bad, i won't now the news  but thats ok. BRB x",relief
I'm a good girl...ALL work is done,relief
bought beer today,relief
just finish clean up my computer/guest room's cupboard! my stuffs,relief
juz donated books/mags 4 charity. Not only do I feel good but it gave me a good workout from all that heavy lifting,relief
45 minutes until im off from work. I guess i'll go back to work in 15 minutes. It's slow today thank god for one of those days,relief
Going I sleep today was a long day happy mothers day to all the moms out there,relief
Getting ready for school...hope today is a happy and awesome day,relief
Going to take it quite easy today actually. Yesterday was great but it took a lot of energy out of me. Going out for some pirating later.,relief
just finished dinner - it was yummy,relief
Six Flags this weekend? Sounds right!,relief
Yay got the Internet on my itouch working,relief
Kinda may have chickened out...,relief
just downloaded the tweet deck....look at my and my saviness,relief
I would rather end up heart broken then have regret because i didnt take a chance,relief
today was busy.. geez. getting ready then graduation,relief
awake  slept in a little cuz no construction. now studying bio alllll day but i dont mind.,relief
"http://bit.ly/5e7dr  this is cool, van helden.",relief
Off to pick up tj from his last full day of school! Only 3 more half days left,relief
After 42 hours of not sleeping it is time for bed. Alaska-so far so good,relief
My replacement iron ring arrived.  It's shiny.  And a bit more jagged than the original,relief
is awake.  Still feeling sick.     But I got the blog done at least. http://plurk.com/p/x17t9,relief
Ok I am going to sleep for real now good night twitter land,relief
Y is it when I luv someone I fear them? i just wish someone can exsplain it 2 me,relief
Birthday Girl ?  blessed to live another year & celebrate with loved ones,relief
I'm the proud aunt of baby Afrikaah Itzel 7.9 lbs 20.2 in,relief
"goodnight twitter, ill see you after 10 + hours of sleep or more",relief
screw it lemme click on a ticket. preetttty sure i can make it. might not make it for vermillion lies opening tho,relief
Finally got all 7 overdue books out of the little room and into my now overstuffed back pack!,relief
"""Ugh.  Las #vegas airport is at a """"ground stop"""" which means I'm stuck in the plane on the tarmac (again) at LAX.""",relief
is feeling waaay too cruisey and relaxed for a Monday evening...  oh wait..  that's just wine before dinner...,relief
"says Finally, Im home.  http://plurk.com/p/rr121",relief
lifes been sweet ever since thursday    im totally livin the life right now,relief
just finished tlking to laura 2 hours and 7 minutes lol... going to sleep. night ppl,relief
Back from London  Now just catching up on all the tv and sleeping all day!,relief
moving 11 blocks up the street. goodbye hardwood floors,relief
Finally able to get Flight Control for my Ipod. Best game app! 123  Damn choppers lol,relief
Ratings Army Wives  teary; Criminal Minds Yikes! Criminal Intent takes all sorts. real life news  horrifying ok me for bed nite all,relief
Off to see my lovely mum  Then maybe star trek!,relief
YO I'm just on the computer,relief
out of office on business....needed the get away,relief
Glad to see the sun out in Dublin after a great week in London. Back to work,relief
"I hereby announce that I am... employed! Couldn't be happier, Alhamdulillah!",relief
laundry and loud music.... relaxing,relief
"Anyone have an extra Keane ticket? I promise to buy you a drink and take rad pics for your FB / Blog / Flickr., etc",relief
"been working all day, finally relaxing!! i miss you",relief
took 8 trips to basement to move books from my room - i have a floor again,relief
Happy belated Birthday to Billy!! I forgot to say that on his bday.  I  feel aweful!,relief
"Finally made it through Dead Space, that only took half a year",relief
"Heading to bed. I think I'll read for a bit, propped up on fluffy pillows.",relief
Having a good...no great day already & Dr.Miracles feel-it formula really does work!! LOL Hope everyone has a good day as well,relief
Very tired from a day of awesomeness and cake    Now time for a bit of sleep.,relief
"""TGIF... this """"short"""" week has been wayyyyyy too long""",relief
not doing relay  oh well.,relief
I am soooo  right now!,relief
I guess I am too freaky for followers.,relief
"Man, Monday sucks. What I wouldn't give to be a rich beach bum, diving in a tropical lagoon every day, eating fresh fruit and fish...ahhh",relief
My ipod has taken it's last breath... Im truly devastated. I have lost my public transportation companion,relief
Cough drops taste gross...blaaaqhhh,relief
Went to get my car inspection sticker got gigantic red R one. Just keep piling it on. I can take it. Don't worry about me. I'll be ok.,relief
so ready to go home,relief
"Instead of telling God how big my problems are, I like telling my problems how big God is!  http://bit.ly/5ofzj",relief
"I don't believe it, my puppy likes brussels sprouts!",relief
Watching Ladyhawke on channel 4 & most likely to stay in bed all day,relief
"Browsing through the web. And expecting to see the PMS forum back up, but no luck",relief
"An hour of walking in hot weather = a satisfied but hurting Nellie.  Ow, blisters.",relief
Today was eventful...,relief
I have to stop writing in Swedish or I'll lose my nice followers. Back on the international track,relief
I Got it!,relief
as of this point I am done. I am not going to waste my time re downloading all my music. I lost 5k songs,relief
"Working on a newsletter but I'd say I've got a writer's block atm  - take a deep breath and get on with it, girl...",relief
"re-reading 6th Harry Potter, did dishes, mended a cushion on the patio sofa, & fixed one of the outdoor barstools. An accomplished Sunday",relief
i say business ive only sold 2....and its not RL money  ...but its got me back into photoshop again,relief
Glad it's Friday... but bummed that I am officially working Saturdays.,relief
just gott home from work and now relaxing,relief
Good Morning! - Court - Crossfit - Bible Study - Someone very special's house  http://tinyurl.com/cjs668,relief
home after a while out! i feel like a long skate seshion but got arrands to do,relief
Going to bed  Goodnight  xox,relief
is back in fine old melbourne town....,relief
"""i told myself i wasn't gonna cry and then one kid that everyone made fun of all year said """"it's been a good year""""""",relief
Headin home...Refreshed my mind and soul justa lil bit...Bac to reality.,relief
There my laptop is dead  lucky I got my fone lol,relief
"Sasha's helped too, of course",relief
finally got my SayNow account up and running  YAYY JBs got a Canadian SayNow number!.. is anyone else using their landline phone? CALL ME!,relief
Morning tweeps  Looking forward to a relaxing Sunday. Happy Mother's Day to all the moms out there!!,relief
long night. Sleeping now.,relief
I'm entering a two month study/exam period.  Which is awesome. - See you on the flip side,relief
is wanting someone to spend her summer evening with whilst she's in such a nice relaxed mood !,relief
"Sitting in a shadow of the tree in the heart of the city listening to Panic!..waiting for the bus  thanks,wind,for being so pleasant a ...",relief
is going to finish his last assignment. THEN GO TO BED.,relief
On a flight home  after an awesome trip with my cousin! Miss you sophia,relief
I feel better today.,relief
I'm at mcdonalds eating chicken nuggets with my kid so embarrased I droped my soda  haha it fell out of my tray lol,relief
Seeing 'Love at the Club' actually made me,relief
Has finally mastered the art to uploading a photo on said Twitter. You can no longer assume I'm a heffer,relief
1/2 day tomorrow  carla coming over after school.,relief
9:30pm and this grandma is going to sleep.  20ish Mother's Day reservations tomorrow...,relief
Done with my drew and jayk handmade gifts now watching old menudo vids,relief
Time to turn the phone off and get a full nights sleep,relief
Ah! Just remembered some (hopefully good) news is coming (hopefully soon) from someone I know... once again may the *happydance* commence,relief
I am also wasting time til my cab gets here. spamspamspam. Also Keiths motorbike was nicked. WELL shit.,relief
Everything is better with a bag of weed,relief
Sunday morning,relief
Just got confirmed that it?s pizza-time with some ex co-workers on friday...looking forward to it,relief
i just woke up and remembered theres no school!!! life is good  xxxxxx,relief
gotta go! bye twitterland!  good night! i'll try sleep. so that i will recover easily! still sick!  bye!,relief
"Is finally home, fed and ready to go to bed and its only 2:45am.  That's gotta be a record",relief
My mom likes Milow's version of Ayo Technology... It's a good thing she doesn't have a clue what it's about.,relief
"Sleeping sounds too good, goodnight my babies, cuddlez for everyone",relief
Dont worry babe,relief
"Sportsmens Warehouse finally got field points in, i can now use all my arrows.",relief
Tucking myself in tonight  Mogwai on repeat,relief
I wash my dishes Like a boss!! LOL,relief
Decided I should study  (finger down throat making gaging noises) Hate MFs!!,relief
It's fun,relief
omg im finally back!!!! my comp as broken guys  i missed yall!!!!,relief
I know exactly where i should be,relief
over him  finally,relief
Four hour baseball game. At least the Crew spent much of it making the Cubbies look bad.,relief
Just finished studying for Abnormal Psychology. Eek. I still have two more days. I'll do more than fine,relief
he's here   sleep over with the MR. night peeps !,relief
i ran out of facebook quizzes. lol grocery shopping then work. w00t?,relief
i'm soooooo sleeeeepy!!! the last day o' school was today....sniffle....,relief
Eatin nachos watchin the game.!  all i gOtta say is LebrOn is a Beast. ! dO anybOdy feel me.?,relief
Oh gosh how I want the party to be over and done with already.,relief
"Popping out to see SAMSON AND DELILAH this arvo, hear it is good",relief
"After being down for several hours, finally my site is back online. Silly DNS setting mistake",relief
I just got my leavers do dress!!!!,relief
ha english portfolio!!! i finally finshed you  annnd you! comm final. youre half done! whoa 6:44am time for sleeps. night,relief
Been so busy for the entire week. Be able to take a breath next Tuesday,relief
Aim:iloveshawniedur,relief
Ill have a photo up tomorrow! Kay,relief
Its good to have an old friend at ur new job. Another good day at work. Paycheck day will be even better,relief
each day is a new beginning,relief
Candle wax is very enjoyable.,relief
Moment of truth!! Im nervous for her!,relief
"Tired as hell...long ass weekend so far, chillin wit mi madre 2moro",relief
I'm glad someone slept with me last night. My doggy  I would take a picture but I don't see my laptop.,relief
"http://twitpic.com/67mj4 - Yes, it is nice. Oh and Kevin's shirtless too but you don't see it as well",relief
"just woke up, no school today, we are free",relief
Getting oil change. Apparently the mice that have been eating my birdseed in my garage have also been eating my air filter.,relief
Thank god camera fixed itself. I want a new ipod,relief
"is having a well-deserved break today..NO PHONE CALLS, NO EMAILS..only plenty of catch up movies to doooooo",relief
I've been slacking on the blips... but a nice mellow one before I go to sleep.  ? http://blip.fm/~5jcfo,relief
done with facebook. off to jamlegend,relief
"""okay.. so i """"thought"""" i was getting sick... but NOPE!!!  HAHAHA PHEW! (sry mike lol - hope you get better soon!)""",relief
"white pointy shoes haha, and ah you got me excited about the new drummer  youre mean",relief
Recovering from an Italian cruise in the Mediterenean,relief
"more packing, cleaning, and getting shit done. last day in this apartment. this time tomorrow my shit will be in storage",relief
feels great after solving a minor but long term problem with 3ds max just now!  Maybe I should try animating the avatar after all? xD,relief
there's not many things better than sleeping with my windows open,relief
"just got out of prom, it was fun  off too after prom text me",relief
not a lonely day after all.,relief
"is home  i love traveling, but there is nothing like coming home!",relief
has almost completed the groundwork for Paper Pile.,relief
I am so excited Rob Thomas is back!,relief
im very sorry.,relief
"AmmoxXx great day? Woman, did you NOTICE the smile that never disappeared off my face? Ha, Murray... All cos of you, I owe you",relief
"Good Morning Tweets, I like lazy sundays",relief
I am off to bed now....my family has a wonderful day planned for me today      Happy Mother's Day,relief
Just got up from a nap.. Relaxing for the night,relief
Home at last 1 more day till my weekend begins!!,relief
YES! I DONE IT! at last.  my homework is ready dx and i can go waaalkiiing because the sun is shining ^^ oh yeah.,relief
YES!  I have my e-mail down to one window (most of which are marked for follow-up on Monday).  all the dang paper still here tho,relief
The morning forcast on the radio was partly to mostly cloudy -yay vog-  stay inside and have a HAPPY FRIDAY,relief
"PB&J makes me happier than anything else in the world  I love that when I'm tired, my demands are so simply met",relief
"Such a good little Saturday. Didn't include Bed Bath and Beyond, but Borders was on the list. Can't wait for tomorrow. Good day planned",relief
Gettin check outta school cause im siccck. Goin to pick up jimbbbbo.,relief
Happy Monday morning!,relief
and we're off  to OT !! exciting game like always,relief
Looks like i can go see jeffree star afterall. I told my dad he'd hate the music & he said i could go alone,relief
woo well done nadine,relief
"STRESSED AS HELL (, but still surviving",relief
Sleeeeeeeepy.... I'm off... Goodnight twitterverse!,relief
beats the heat with cool guava juice in handi water,relief
Finally sleep time,relief
"Praise the advantages of todays copy protection: can not run my fresh installed 3D app, since the licensing system don?t let me.",relief
I'm a bit happier now. Found a bit of motivation in Physics. I know I won't do well for the paper but at least I've started revising,relief
"Getting some DMs asking where I fell off to the past few days  I was sick, but am all better now. I appreciate the concern! Game On!",relief
"done with the exams. oh my. such a nerve-wracking experience! passed it, though.",relief
good times haha ily christian and mo  gonna watch dazed and confused in a while ha also my first time watching it ha im so lame,relief
Off work in half an hour. Getting an MRI after that. Yay me,relief
"Ok, time for bed. Good night Twitter",relief
"Have to wait till Friday to pick up my Visa for China- not as expedited as I would have hoped, but at it's done   #geeksonaplane",relief
have you ever met a guy thatv was everything you want and need but you never really went for it w/ him ? g'nite Daddy,relief
I'm back online!,relief
FGinished Doinn Fake Tann Sitting Drinknig Coke And Watching Ink Heart,relief
"super frustrated, and taking it out on the one's I love!   I love you, Paul!",relief
"still playing wii fit LOL fun fun fun,, movies tonight ill upload photos i took today right now check next tweet",relief
i hate my presentation  hahah whatever im glad its over,relief
"Nearly finished Angels and Demons, awesome book, feel so lame for only reading it now",relief
good! now i don't have to answer the question 500 times a day,relief
Painting is hard work. Very tired. But satisfying to see God's house getting prettier.  And I like the yellow of Tim's room.,relief
The time Is 3.50am and if finished my essay  I can have Sunday off  woop,relief
Pas si terrific que ?a ce twitterrific,relief
Summer is finally here! Graduation in a week!,relief
Done! Finally.. Yay.. Now I can relax for.. Well one day ;D haha..,relief
night improved.,relief
finally over my sickness.,relief
"It's weird waking up in my own bed. Slightly comforting, but i miss the group. But i'm loving using my own pillow again!",relief
new Delerium's music video (http://tr.im/kpu3). mixed by Tiesto. i guess Bill Leeb finally forgot his music's roots,relief
Nothing exciting from me tonight....got some new toys to play with though  Happy Mother's Day Ladies,relief
"i am boooooooored, theres nowhere to go",relief
On the way to sthlm - it will maybe be a movie   // cool http://gykd.net,relief
see I told you  I'm updating my personal site with lots of goodies check them out as they come http://www.dennisgomez.com,relief
No credit left on my mobile sorry Brit! *pounces back* Thanksss Tania for the EPIC photoshoot,relief
Roommate is sssnoring :/ And my throat is so dry,relief
"Just watched the trailer for the new Sam Raimi movie, Drag me to Hell.  Looks interesting, but there was no humor in it.",relief
Loves the fact that there's only 5 days of school left,relief
Mosque and mini-golf! haha I tied for 1st. It looks like the Yankees aren't playing tonight   but I'll just play Fifa! ~Zade~,relief
Is helping out at church pianos +stairs+gravity= heavy,relief
Artwork for the single is now up  woooot woooot!!!,relief
Made it to Wisconsin... Now off to Golden Corral again! dang! lol we missed the graduation! tho  Dang!,relief
finally seventeen,relief
Finally out of school for today! HAD TO SIT IN LIBRARY FOR A LONG TIME,relief
"installing dvt card for loonix, fingers crossed, I hope it turns out as well as my android upgrade",relief
"Dad asked my why I was sticking my tongue out while I was ironing, and I told him it was so I didn't burn my finger, as I burnt my finger",relief
Lovely hubby has just spray tanned the back of my legs for me so hopefully won't look like an allsort for much longer!!,relief
The rain outside motivates me to sleep.,relief
last real seventh hour,relief
Im glad that wasnt my real diver theory test! I failed  i got 70% 35/50 questions right but i did have 35mins left lol x,relief
This is cool!,relief
So apparently i left my front door wide open before going out to my show. With my and my moms laptops on the coffee table. Love my area,relief
So nice to go into the bathroom and not hear the sound of gently running water,relief
"""Had to change """"within 50 miles"""", because within 25 miles were effin' BORING.""",relief
"""Today I'm working on my """"Quirky Q"""" cue or maybe it will become a concerto""",relief
Now I KNOW my shares are up...have 7 followers...wonderful!   The sun is now shining brightly in 'darkest Africa'...,relief
Laying in bed with a book & some beautiful music.  thank you kaki & nicholas sparks.,relief
watching bruce all mighty at home,relief
"okay, I'm back to painting! will check in with you guys again soon!",relief
It's official - Liberty Grand is my new fave reception venue... Will blog some shots Tuesday,relief
Just got up a half hour ago.... Ugh not much sleep,relief
gunna spend today with my sexy best friend,relief
back from the city... breakfast time,relief
Next to my birthday- Mother's Day is my favorite day of the year.  The one day I don't feel guilty for slacking just a little.   Aaaahh...,relief
"FINALLY finished studying, 7 pages of double sided notes later... off to cook tea and dessert now. Happy Mother's Day!!",relief
The $500 I saved on not buying a couch is going towards paying my visit to ER for UTI,relief
and it's my birthday tomorrow. Everything worked fine w/that in the end Convinced her not 2 invite ppl she didn't know,relief
OMG! i'm almost done with the last block on this quilt! Just a few hours of work left  i can't wait to meet my goal,relief
"Is getting excited for the weekend.......Or, hang on, i am going to be all alone   never mind, excitement lost",relief
goin to watch some friends DVD's,relief
"Monday morning lying in bed instead of working is great, more bank holidays required",relief
I hate not getting e-mail's  going to do other stuff now...ice my toe (long story) and have some calpol (cold :S) soooo night xxxx,relief
It's only 10:30 and I am going to BED! Brain can't focus at all.. Need a fresh new start. I pray that God grants me a fresh tomorrow.,relief
http://snipurl.com/hq0n1 Just printed my mom an Amazon gift card  for Happy Mothers Day talk about last minute.,relief
Hello  Back to work today after a week of vacation !,relief
"missed all the awesome weather, because she was in a movie!",relief
home.Going to be a warm day on top of it. Is it Friday yet?,relief
"Feeling a little under the weather today  got a funny tummy - however, the sun is shining and I'm at home. Yay!",relief
has been playing Guitar hero to let of some steam..  you see.. Mr Unreliable has striked again!  not funny,relief
on that note - i do not feel missed.,relief
Finally it's Friday! Things are going to be so different starting next week...my house will be empty!,relief
"Happy Mother's day! Going to cook something, thank goodness there's tablespotting",relief
"""No school today - Not because of """"H1N1"""", but because a natural gas line broke on the interstate. RIDICULOUSNESS.""",relief
"Only 8 oral left!  then I have to learn them all but oh welllll, at least I don't have to write them",relief
to overcome whatever darts the enemy may try and stop you with. We've gotta stay focused tweetz!  God bless you.,relief
Studying like crazy in hopes of acing all of my exams!!!!!,relief
"True to form, Bank Holiday Monday looks like it might be rainy. Hope it holds off til later, family&friends plan walk and picnic today",relief
My laptop was being an idiot. Its back to normal now,relief
"Yup, I'm pretty sure summer could not have started off any better than the one this year",relief
Finished Breaking Dawn last night. I managed to finish those 800 pages in 3 days. It was so good! I'm sad that I'm done w/ Twilight Saga,relief
This may sound stupid... but i just bought a mask,relief
Nothings better than having to take a cold shower in the morning,relief
Is still awake at 5AM but for way better reasons.  A fantastic night with fantastic people... and fantastic food!!,relief
Aaggh!! My blackberry curve took a gash in the screen the day AFTER we get invisible shields in stock. Well it'll be a good advertisement,relief
"i'm doin my tweets on my phone so i have on clue how to reply to anyone. but thank u fiercemichi, as soon as i can i'll check it out.",relief
Off to work,relief
<< Finaly Back to home..,relief
"reality needs to check in. schools over. time to party  not tonight tho, im going to bed. night, night.",relief
"Great meeting...lunch on the patio in the sunshine...nothing more perfect  busy day...time for bed, ahhhhh",relief
waiting for 5pm to go for a drink with ones out of work because Belinda leaving today  at least the sun is shining for her!,relief
Cuba trip booked,relief
"This completes today the 4th of May?s entry. For the new day, invite a friend to come along to reflectively in-joy the read ?  ?",relief
finally made it to phoenix!  I am home.,relief
Two more loads and the moving crew's done! Started at 7am and i'm done for the day! Too bad the ac doesn't work in my new place  oh life!,relief
"7 hours and many massages later, I can now spend time with my wife and son. It's mother's day ya'll. Don't forget to grab a gift or card.",relief
"I just want somebody to love, and who loves me. I think and day-dream about about that CONSTANTLY.",relief
"Mother's Day breakfast is over, getting back to work now. Back on Rails",relief
Always get my hopes up too soon...we were soooo close,relief
"Math was not fun at all. Oh well, i get to cook as soon as i get home.",relief
is sooo tired and too busy to tweet  im glad the weekend is here... yay 4 day-weekend,relief
"Omg at Hollie! That was well sad to watch!  See, Simon can be well nice when he wants to be! lol",relief
Guess who has internet at her house? *raises hand* And it's not dial up.,relief
"times for lame school, UGH!!! XP Thank God mondays r quick for me",relief
I'm going to open up PROVERBS and get as much wisdom as possible-I'm hungry!,relief
Funtime was not a lot of fun!! But finally done with it,relief
"ha, the first request for sending a paper copy of my thesis",relief
Cleaned out my Followers List and blocked the porn girls & Crap Now I look like a spammer,relief
ps liam we're going to look like tools on the train to the city  hopefully we can scare some old people,relief
never mind it's closed  sorry Miley,relief
"Oh, my God..... The end of the first course))) don't believe in it) but, yeh, so many exams  La-la-la// everything is wonderful!!!!!!!!!!",relief
Its relaxing time..a movie and some treats,relief
"Typical overcast bank holiday Monday, glad we went to the beach on Saturday",relief
Heading to the U of Utah hospital. Have a great day everyone,relief
"i got all my hair cut off, it's almost above my ears",relief
chai tea then sleeeeeeep. lunch with the family tomorrow,relief
"flu or allergy??? ... Doesn't matter, just try to squeeze my Sundayyyy",relief
Back home after a funeral for my wife's grandfather today.  Now its time for homework,relief
"Mom, happy mother's day  love you. Thanks for everything. I'm sorry for being such a spoilt brat all the whiles. You are my HERO!",relief
Ahhh i'm sqeaky clean and fresh. Even though i'm wearing dirty clothes  I love Two and a Half Men - it's amazing!,relief
"am chillaxin after a busy BankHoliday, Hope everbody had a gd wkend! Holiday in 12 days!!!  xx",relief
1 John is an amazing book. Just what I needed to brighten my mood.,relief
Drew's new songs make me cry.  I miss Thomas already!,relief
Sometimes i feel pathetic going to bed so early. Oh well.  i TOTALLY get clam chowder tomorrow! =D,relief
just woke up...feelin a lil better  <3,relief
is thinking WOW I survived Freshman year...Mission Accomplished...Now Sophomore year,relief
tired as hell!!!! bed time from cara  nighty night twitter world..,relief
Chilling at home,relief
YAY! My temperature went down!  I can have dinner with the family tonight.,relief
"Eh, I've gotta go to bed anyways. Goodnight.",relief
"Oopsie, the origami box I just made looks like a strawberry! should I be allowed to teach?",relief
finally some effing internet! i effin need to update the wifi in SG malls. Idk how  i miss dada and craigie......,relief
Aw. The sky is weeping.,relief
it sleepy time  [<cody>],relief
I am parked in FS yet no ticket.,relief
is finally gotten online after logging 200km over the last two days on errands as the family driver  http://plurk.com/p/wxz12,relief
...WITH PENNEY! thank you for letting me in at 11 at night,relief
"enough for today, good night all",relief
will just take a bath,relief
pretty tired after a nice full day.,relief
"It's so awesome to know that there are people who think I have what it takes to make it in Nashville, and who offer to help if I want it.",relief
"Oh.  The voting is over!   But don't worry, I already voted for you about 100000000000000000000000000000000000 times earlier!!!!!!  <3",relief
Home from China & back to work,relief
is  happy  cause  my  voice  is  back  <3,relief
"well, having looked at my bruv's exam timetable and french oral exam I feel very fortunate  now to, erm, digest my morning revision...",relief
my body isnt itching anymore,relief
its awful breezy out here good thing they sold blankets!,relief
I PUT A SHELF UP lol im well proud and yes its my twilight shelf  my books the movies going on there and obv my prezzie from lara XD (L),relief
home from taking Nick home - a little lighter in pocket after being flashed by a speed camera,relief
"""last leg of my travels today. totally exhausted, but thank goodness """"Ed"""" is keeping me company""",relief
And the Sun is shinning.........at last,relief
correction...a hot coco in my NKOTB cup  what a sweety!!!!,relief
Okay people my fones charged,relief
chillin with the neighbor,relief
"I'm such a saddo, haha. But that actually makes me really happy. Warrens dead though",relief
No matter what I ALWAYS find out the truth.,relief
finally synced iPod,relief
TextMate crashed for the first time in 3 months. Not too bad actually  #textmate,relief
i've been eating cheetos all morning..,relief
This week flew by.  Want to go see Up soooo badly this weekend!,relief
Finally home after a big of travelling!! ahhhhhh now time to realx!!,relief
bored out of my mind. I guess im paying the price for having so much fun yesterday.,relief
Is heading home from foot surgery and wishing she had a boyfriend to come over and cuddle with,relief
Is actually feeling awake today,relief
"My new design portfolio is finally online: http://www.designia.nl - Still needs some tweaking on the details but it's ok for now,",relief
"is done painting all the bedroom furniture, I still have to do the table but it will wait until after the move. Uggh moving in the heat",relief
Revision continues. Getting so bored and tired. I can't wait to get out and do interesting things. Only a week and half left though,relief
"Reinstalled Ubuntu on my laptop, this time using ext4; the new filesystem. System boot time, from GRUB to full operability: 30 seconds",relief
Setting up bookmarks on my new Blackberry Curve. Now anyone from work can get ahold of me at anytime!,relief
it's nice to leave the office when the sun is still up,relief
"has gone through about 6 tea bags , call me obbsessed , i say thirsty",relief
This is going to be a great and productive week - I can just feel it!!!  POSITIVE THINKING is the key,relief
cute girl is finished with timing That Fool 1~ editing stage and waiting for spot translation.,relief
Am now a member of International Thespian Society Troupe #6492!! Now if I can only make my family stop fighting....sigh,relief
Curled up in bed now... going to wind down with some #G1 solitaire .   goodnight twitterland!,relief
Finallyy done !! And done clean'n lay'n down time 4 bed.. goshh its 3 o'clock !! Lol nite nite twitta heads,relief
At home about to go to sleep! Goodnight twitter world!,relief
"I can only message those who message me, if we're fwends...so those that want replies..follow me.  hmm..that sounds funny..",relief
everything is good except that neck shot and Steve's back of the head shot!,relief
"Bank Holiday Bliss - Jeremy Kyle, without even bothering the Sky+",relief
Working on my resume while listening to the rain and enjoying a Circus Boy,relief
"Hey Dubbo RSL turkey roast circa 1995. Know it's been a while, just wanted to let you know I still think about you from time to time",relief
I'm all stuffted up but I gotta gets up & go netball,relief
Ocean sounds cd,relief
Sadness is a necessary evil in life; it gives us reason to remember and appreciate the things we lose,relief
Is it possible to pass out he your laying down? Bed soon if i can sleep <3,relief
Roommate gone. All of Moyer away at the Ball. I'm definitely going to be naked for the next 11 hours,relief
"this aztec mask is harder then i thought! but u kno what, i think i did a pretty good job for not being an artist",relief
http://skipall.com/8p.png  The come apart easy enough,relief
"ah! A clean house...finally, so nice",relief
getting ready for my first day at my new job,relief
goes to church  hallelujah!,relief
#thingsmummysaid You need to learn to wash dishes and do laundry because I won't always be here to do them for you. She was right,relief
"is back at working auditing away, time to make the hard decisions and be happy",relief
"""is now at school! About to take the ECAs, """"LAME!"""" (Steal from Brennan) Good Job LC and you too Brennan!""",relief
"We need to remodel the house and the thoughts of doing it make me kind of ill   He has one way and I have anouther, I just want to move. !",relief
Finally home  Gonna hit the hay n sleep till noon lol,relief
Awake and almost recovered from my Brother's Wedding at the Weekend,relief
"Awh, thank you for your nice replies! Its so different, its scary so you've made me feel better!!",relief
aw taxi man is going fast just for meee,relief
"Finally home! Tp tetep, kurang 3BT buat shooting kamis nih! Huaaaa, stress gila! Syapa lg ya?",relief
watching Please Twins.  gonna make some Iced Tea :-bd,relief
eating oreos and milk,relief
time to bed now!!,relief
I'm excited for the things for Jay's room to arrive,relief
Omfg.lmao.lassetti was right... those bangs did look bad.  lmao,relief
Today is my last official day of Uni! No more balancing uni work with music!!!! Til october atleast,relief
"midday and a half, time for lunch",relief
Drinking tea and eating choc chip cookies. Going to head to sleep soon! Night all,relief
"i finished new moon  in 1 day all up. maybe less, im quite proud, now who wants to lend me eclipse haha",relief
"am planning on going to sleep early, too tired to do any work",relief
Proof of heat  good day wish I hadn't spent most of it in bed  http://twitpic.com/670tp,relief
Officially drugged up and taking a nap. Allergies ain't no joke. Never had them this bad since two days ago.,relief
Just finished with a little booty duty  that was a work out. Now I'm hungry. .,relief
Is working out the twitter kinks,relief
Can't I just be a stay at home mom already,relief
yay doctors  now interview then back 2 the doctor's for blood work,relief
Inspection went fine ... they like the house woopee. Would just be nice if it had been this morning so I could have done stuffs today,relief
has just woken up from a power nap. That feels better! Nothing planned for tonight though,relief
"wow, i broke my toe today on a stupid piece of concrete!  LAME! job searching then sight seeing with Brittany.",relief
preparing to visit a friend  And we're gonna watch Twilight! Yay!,relief
"""Think Big! """"The size of your thinking determines the size of your results"""" Bob Proctor's great advice      http://www.wealthwithsoul.com""",relief
I think Steph will enjoy her first Mother's Day tomorrow.,relief
the end is not as far as the start,relief
off work yesss ! super hungry,relief
Thanking god for after elton for allowing me to see the new TW trailer since work blocked youtube and lj,relief
"All in all, a good weekend",relief
Standing ovation for Wieters. Nobody was sitting down. Insane. Hit into double play though,relief
I haven't slept this good in such a long time... I feel great.,relief
I nvr wanted May to come to an end,relief
"Woken up finally after a long night out, tea, toast and TV coming up...",relief
Fashion Show is done & only one slip...now cooking & having a glass of wine or two,relief
jus gt bak nw on msn stil not got a tan  o wel x,relief
Relaxing after a busy week and a tedious Saturday . . .,relief
back from the yoga retreat. I recommend this to everyone,relief
Finally get to lay down for a bit i have a major headache,relief
Actually I'm really missing Fabian  Which is pretty sad since i talked to him like... 2 hours ago! Gosh time flies when you miss someone.,relief
"Getting my butt kicked by this project  I have the idea, but can't get it perfect.",relief
Anyone plan on revolutionizing real estate this week?,relief
Hawks lost but it was a good time,relief
I wanna say happy mother's day to all the mom's including mine love u mama,relief
sitting at home cuz my plans for tonight cancled  but they are on for tomo so that makes me happy  ctc or txt me!,relief
This weekend. I will be in dallas so no kandy koated around the H,relief
Just finished first workout on Jillian Michaels 30day making the cut program!  Feeling great  Hopefully the eating will be just as good,relief
"Well friends we just got in and it has been a long day, hope all is going good & every one is happy. All our love Night nite",relief
I don't have the fake fascination like i once did before. Cause i no longer have to pretend i like you,relief
In pillow heaven,relief
"ohh. i didnt double tweet a while ago, did i? now i did.",relief
"can't believe I just drove all the way back to school...whatever HAPPY MOTHER'S DAY: Mommy, Precious, Candis and Granny",relief
"ok all, bedtime for this bonzo! i just got done with my math homework and my brain is done for the day. Nite nite  have a great day!",relief
Kandice and I just found 'Baby Sailor Blue' at Casey Moores  http://yfrog.com/0ltrdaj,relief
home from school today,relief
"Today has been a nice positive  fun day , after several weeks of bum days",relief
Last library day before Doomsday. Urgh. Was nice to wake up with my J-bum though. He's still sleeping now. Cute,relief
Nothing beats spending an evening with my mom,relief
Back from a long day of working it's good to finally be at home.   How is everyone tonight?,relief
"Made breakfast for bf; went to sears to pass my drivers test! stayed with minh for a lil, sauna&spa with aunt, uncle & mom; FINALLY HOME",relief
happy all my studying and all nighters payed off,relief
...definitely the first time I've felt alive again in years. Super happy,relief
sitting at home doing nothing. gonna be like this all weekend,relief
"The pushing has started, not long before a new #starwarsday baby is born",relief
Morning world! back to the office after longgggggggg weekend,relief
Office til around 6 today. Good day yesterday...I have a BSc now,relief
I'd like to thank my normally only randomly working internet for actually staying up from the moment I saw the tweet until now.,relief
watching ace of cakes  its suwweeeeet they use alot of fondont or howeva ya spell it.(:,relief
success!,relief
finally feel back into swing of things here at work after getting married last week! sigh of relief for no more wedding planning!,relief
Tidied & hoovered the whole flat - and all b4 10am today  Now we're heading out2 German bakery 4 breakfast followed by a walk in the park,relief
of course im almost there and theres traffic,relief
happy mother's day to all mom's out there!!  we gave our mom a rose and we treat her to max's restaurant..how about yours?,relief
Fighting a migraine   Medication is almost working.,relief
Finally Ubuntu 9.04 arrived as a disc,relief
first day of work: sucessful  i didnt do anything stupid or hurt/embarrass myself too much...,relief
"I can has warm chocolate, I is happy now.",relief
last sunday before going home!,relief
"made it into leadership, buttt i'm still not happy! how can i enjoy it without my best friend?",relief
Happy Mother's Day !,relief
Don't remember installing phpMyAdmin on this dev machine but happy to type host/phpmyadmin & find it there!  (didn't use xampp) #senility,relief
At work and really slow for a beautiful day and a Friday.,relief
My uncle isn't coming after all,relief
I didn't check Twitter till just now. Thanks everyone for all the Congrats! I really really appreciate it  #fb,relief
FREE UNLIMITED RINGTONES!!! - http://tinyurl.com/freeringring - USA ONLY - Awesome 4 iphone,relief
its my bday!!! I'm gettin older!,relief
"enjoying the sun with daddy, learning for englisch exam, watching gilmore girls",relief
"It's official, I'm finally getting grey hairs at 36  #fb",relief
My phone works! Its whack. Well good morning. Gonna go eat breakfast with neil before school starts,relief
"Up and around a little earlier than I wanted to be (phone rang 5:30 AM).  Exercise is a good way to start the day, right?",relief
"Finally home, watching saturday night live, then dreaming about my amanda boo",relief
i am leaving soon for Kansas City to take some of my stuff. Only 8 days of living in Carthage left.,relief
"just made it home, time for a shower and some breakie, off out to Blackpool later for some lunch",relief
Had a blood test today.   Wasn't too bad really. Needed to dash 2 Starbucks after to revive my spirits with a nice Iced latte & a bun.Yum!,relief
just got back from school.  SHEMMS!! Summer class has been officially ended.  http://plurk.com/p/wxsgy,relief
"Umm. What do we have here? Apple pie, check. Cupcakes, check. Green tea, check. Coffee, check. Then we're ready for tea time",relief
Chilling out....now the boys have gone  Time To Relax,relief
I think that's our first proper contact with each other. It was amazing and brought a few tears to my eyes,relief
Finally got a date for the bonfire tonight. Kinda last option but whatever. None of the chicks I wanted to go with never texted me back,relief
is soooo over school...maybe sick..all week *evil laugh*,relief
TODAY IS A GOOD DAY BUT ITS COLD,relief
"Watched GossiP.Girl. Dan's so funny, haha.",relief
"At least my wish came true, its not hot anymore...just rainy",relief
Is Skyping with family,relief
The VP is gone...so why am I getting a headache?    Time to have some coffee and fight it off. #migraine #ohnoyoudidnt,relief
Managed to finally get through to someone who had left a message earlier today. Old dog already put to sleep,relief
HAPPY MOTHERS DAY MOMMY!!!!,relief
it's midnight.,relief
Working out and watching snl,relief
Swiped the last package of fruit snacks! Hell yeah. Finished Catch-22. What shall I read next?!? I'm such a nerd,relief
is finishing off related lit during PlanSem break  http://plurk.com/p/sw05s,relief
Just had some 100 calorie Shortbread cookies and a handful of popcorn for breakfast. Think that that will give me some energy,relief
is cold and wished to go back to bed,relief
Time to head back home. My business here is done.,relief
"K, just finished my last 2 clients for the night. Going home alone  Thats ok I need to be alone, must find inner peace.",relief
I am currently doing a few posts on my business blog http://venturefile.com  check it out if you like it,relief
this sux but took like 4 minutes. going to sleep finally  http://img36.imageshack.us/img36/4603/iprevailedsig.png,relief
yay my research paper is finally 4 and a half pages<3 not going on bus was not bad after all,relief
Hubby needs a vacation  Thank God we're leaving for Myrtle Beach in a week!,relief
Awwwwwwww man my baby dried up.,relief
Going to go kennel the dogs and then I am going to watch Goblet of Fire,relief
Had a good end to a busy day and now I'm off to bed with a full belly of sushi,relief
"Finally got to wash my hair! I feel much better now, but I gotta dry it ... Effffffort.",relief
"last weekday of doing nothing, school starts next week!!!",relief
Headed to drop my lil cuz off at the bus stop! Then its back to the bed to read my book!  relaXin on my day off.,relief
".... you are my sunshine, my only sunshine....",relief
Off to class .... Longggg day,relief
"At school 8am to 7pm, then keone chonie's class  have a good day!",relief
Off for a loooong weekend of inlawing...  ... ...,relief
Only a month left of high school! Thank God. I am ready for summer,relief
finally off  now the day starts 2 be nice...maybe with a nice ending ;),relief
Having a cup of tea,relief
But on the bright side...no school,relief
"grubs up  so nice being cooked for, I feel like a princess every time",relief
FLOODED OUT OF MY HOUSE  !!! Staying with someone in town unless the water stops rising  i may use it as a homework excuse,relief
Finally at home,relief
"Very excited about camp, loads of people aren't but I am thrilled about that fact we get to sleep in tents and roll around in mud",relief
walked over 140 blocks today. then ate a delicious black & white cookie.,relief
trying to finish my ass-ignment.please god help me to finish it,boredom
Is still stuck in the office working!,boredom
Friday tubes at work are slow..,boredom
"We are on the slowest train ever, it stops everywhere. Missed a quick train by a few minutes",boredom
"Facebook won't load for me.  Damn it, I'm bored.",boredom
#todo Cleaning the Apartment - again - who keeps making this mess? oh yeah .. me. $10 + hug for the person to help come clean,boredom
sitting next to bed. cannot lay down because iPhone charging cable is too short.,boredom
"Finishing the video. Fuck me, it's so long",boredom
is bored. my BFF doesn't want to hang out,boredom
BORED.  would love someone to talk to.,boredom
bored out of my mind,boredom
"THIS TWITTER SHIT BORES ME, NOW I C Y I HAVEN'T BEEN ON HERE IN A MONTH",boredom
On a 10min brake. At wrrkk ... its 11:06 and its over at. 11:16,boredom
it's realy boo0o0o0o00oring ..my book is on the side & i'm not studyin for sure...,boredom
aw now where's that little asian girl who runs round pooping her pants in public? i miss laughing at her.,boredom
I feel like I have to throw up.,boredom
I'm SUPER tired and probably could sleep ALL day BUT I work 12:30 to 9:30 today in Tool Rental... Oh the Joy!!,boredom
at work getting a quick bite to eat before having to kill my wrist self addressing 500 envolopes,boredom
just woke up day off and need to go in to work that sucks. Also have to go dentist for filling at 12 then st helens for mri scan at 2,boredom
ugh lost the remote  gotta actually move to change channel wtf #twat,boredom
i have been in the lounge for HOURS...and i have not been productive at all. upps time to go out,boredom
jus sittin in da libray and this stupid computer wont let me order any mac foundation,boredom
Spent too much today!!! Tube journeys always take soo long. Braces on thursdayyy,boredom
Feeling nauseous and can't sleep.,boredom
1:36 AM screw it im going to bed... one love,boredom
omg i realy can't sleep ughh,boredom
I'm my mom's company picnic at a Lake Elsinore Storm game. Oh the things we do to please moms,boredom
i think that studying has really started taking its toll..,boredom
HEY YOU' ALL SUCK;its anybody on there :s im so bored common answear me,boredom
I totally want some white chocolate macadamia cookies from Mrs. Fields but the mall is soooo far away. Bleh  i think I'll make my own,boredom
"Just got home from the bank, the teller was definitely hitting on me. Not interested.",boredom
Nothing relaxing on a Saturday night!,boredom
Dead stopped in the express lane. This would happen when I choose to take it. No way out now. Ugh. Hopefully this gets moving,boredom
i don't know what to do... time is going by so fast.,boredom
Steve Aoki  sorry. May b nxt time.,boredom
1-Pendulum = awesome! 2-Goodbyes suck  3-Shut up plz. 4-Toy Story 3!!  5-JB 3D MOVIE 2MORO! 6-I'm tired. 7-Aaaand I'm out.,boredom
"have to go meet tims entiiiiire family in an hour, this should be different.. finishing getting ready then wake ; feel like shit still",boredom
in math class waiting for lunchhhhhhhh. seniors are done in fifteen minutes,boredom
Not really feeling like my man cherishes me  wtf ! http://myloc.me/1ZLt,boredom
im bored.. RC is goin maintenance,boredom
today was boring...harry potter ftw,boredom
J Ross you can't leave the killers still singing and run the titles - you should have been edited out for more music - happy - not,boredom
Just started feeling bad again  ugh. I hate it when I don't feel good!!,boredom
Just woke up and feels so damn lazy  time to work out damnit!,boredom
Bad week for connectivity...Arlington Panera wifi sucks. Maybe head to Legal Seafoods at airport. Dang...missing Metaverse U stream.,boredom
Tweeting from the tarmac at Cork Airport. Delayed,boredom
sitting at the chevy dealership in utah waiting for the van to be fixed,boredom
The gigantic initial inertial to get oneself to work after a deadline,boredom
this weekends abouttttto SUCK,boredom
should probably do some house work  for my mummy think id better. would cook dinner but im a shit cook lol xx,boredom
"just finished some Sunday cleaning, waiting to read the next chapter of Kiyosaki's book so i can hit a cleaner",boredom
is stuck in traffic,boredom
Moving in the rain is not fun. Last day in the Hamptons,boredom
Not actually managed to purchase anything from the ovi store yet. Constant server error on check out,boredom
"even though it's only 7am on Saturday morning, it feels like the weekend is already over. btw I'm awake because I had a bad dream..",boredom
waiting to go to the movies later for my 6th month. booored.,boredom
"don't know what to do today.  amazing weather and i'm sitting here, great.",boredom
bored...disgusting weather..bored..sooo bored for my last weekend here,boredom
"is really, really bored... I guess I will go to bed",boredom
Have I mentioned this bus was sloooow? on it for about one hour now,boredom
counting the minutes until I can go home,boredom
Prom is so over rated!! Irritated... Going to bed goodnight,boredom
I need to go ouuut. I'm so bored.,boredom
I have to give up my beloved Red Sox tickets!! Argh! Meeting was just scheduled in CA...,boredom
Ahhhhh processing shipment  sooooooo much!!!!!,boredom
doing my folio work but keep on getting distracted by deb pics,boredom
why im not sleeping  !!,boredom
My brother just woke me up to help him with his homework. I'm not happy,boredom
tired as fuck. it's pissing down with rain. i miss summer,boredom
Man i am being boring today not tweeting  How are you guys?,boredom
Time to get off the puter. Nite all.,boredom
bored. tired got headache,boredom
Im bored   -musiic[BOX],boredom
Mikey I'm bored,boredom
Waiting for the dang pizza to cook. It's almost 9 and we still have not eaten wifey fail. Did I mention I feel like crap,boredom
Going crazy  super head ach from hell and my the in laws have ben here since 9 this morning. ahhhh,boredom
Good Morning twitters!!! I am soooo tired...I really need 2 stay off of twitter...LOL this shit is taking over my life...LOL,boredom
Listening to maylene and wondering why cant I pull off as many cool southern metal licks as them,boredom
Eastenders is always so grim,boredom
ok its been one hour im still waiting im losing my patience,boredom
Can't believe how gorgeous the weather has been today & I've had to spend it at work!,boredom
"longest flight EVER. not particularly unpleasant or uncomfortable, just really really long",boredom
"I think I might have to call it a night. Getting that falling feeling, need to fall into bed. Night, night, tweople!",boredom
at home and sick    http://yfrog.com/17zw1j,boredom
Again documentation day,boredom
is not liking the online livebox right now. Internet is dead.,boredom
why did i agree to work a double shift,boredom
"Ditto that, my friend...BORED! Oops, now I have an exciting problem",boredom
TGIF... Hubby dragged me out to buy car parts. I am tired n cranky,boredom
Watching mens volleyball on TV.  For some reason its not as good as womens beach volleyball.  Cant quite place why,boredom
Stuck on NJ Transit for the past twenty minutes. Great way to start the week,boredom
"my neighbours are far too loud in thier back garden, all I can hear is this loud woman that won't stop laughing",boredom
I'm so tired. I don't get how I am. I sat on the lawn mower and didn't push the whole damn thing.,boredom
Its seriously quiet and lonely here without Bunny,boredom
my brother left me for the day now I am here by myself,boredom
"Very bored. All day, no one 2 talk 2. Missing my BF (and his kisses). Hols almost over,  don't wanna go back 2 skool.",boredom
"oh no, i need new work shoes...i broke this one!",boredom
#com125: we have a quiz! again .. Feliza is bugging us again  its getting very annoying!,boredom
fo shizzle. . . i'm bored and wanna go do something.  wish i went to pisay today. oh wellz. wonder who were there.,boredom
is really ultra bored,boredom
I need something t do like hello... Im fucking bored now.  um... yeh...,boredom
fml. forgot alli's dance recital is tonight. now i'm stuck talking to munchkins all night instead of being at devon's bonfire. :/,boredom
Nothing to do. Just sitting here. I can see Mrs. P and her husband,boredom
"bored , cleanin the house",boredom
Ok super bored... guess no one else it,boredom
